case,mu_shift,sigma_mult,max_wr_baseline_90,max_wr_guardrail_90,max_wr_guardrail_put_90,max_wr_baseline_95,max_wr_guardrail_95,max_wr_guardrail_put_95
baseline_assumptions,0.0,1.0,0.035,0.04250000000000001,0.05000000000000002,0.03,0.035,0.04250000000000001
lower_mean_-1pct,-0.01,1.0,0.03,0.037500000000000006,0.04500000000000001,,0.03,0.04000000000000001
higher_vol_1p25x,0.0,1.25,,0.03,0.047500000000000014,,,0.04000000000000001
